NDVI,NBR
0.5716647915500211,0.019482128930850738
0.5872206605870187,0.009917857640267346
0.5896813484128843,0.03280820464517326
0.557274418739125,-0.0524497336349807
0.40463457779266176,0.06890726255098649
0.23458542873695354,0.05495208096120586
0.33581428227943805,0.02195429302060262
0.40483220951256876,-0.0029641744099235625
0.3704852503105033,-0.005715304883039329
0.4650449397383368,-0.04589929236641193
0.6557144760168674,-0.00946884354755537
0.5049285166504637,0.017965712635954485
0.5463485066549573,0.001821701701488949
0.4113406602874526,-0.046062919815416006
0.34310750740389584,-0.048452059362937734
0.7032030087127964,-0.0339237510003111
0.5210798597481152,-0.053645619858634884
0.6760803230515718,-0.005817092315868659
0.4934569045577566,0.2879119870824977
0.6313736347223907,-0.024879206107136162
0.6586604245745812,-0.08489536737524413
0.4397086909927318,-0.0048691947284016344
0.16822224680532716,-0.08929790183095482
0.2861590115031643,0.03187040324945218
0.6512966901213872,-0.07270117904525554
0.6568848476119192,-0.043421470922718725
0.6504280080552123,-0.017747247122838844
0.5736964193947836,0.016374550163421684
0.6614302660987478,0.02906389227902295
0.6735733426160436,-0.011497744312821963
0.6352234433997088,-0.015944088357955043
0.5974086986078094,-0.033312714419609764
0.5601807531301147,-0.09655073280561374
0.5281839679966354,-0.054766393953059725
0.13868623011093198,-0.09337092684997186
0.12371983826266275,-0.05414065126775169
0.18594590280294737,-0.03281660549912571
0.07764498425078872,-0.042494310048781986
0.5856448092275371,0.005882028876570651
0.5841332227200599,-0.015769627903287075
0.5842643424499374,0.014662921075923378
0.6768824506592779,-0.025189004889581364
0.6507607403125015,-0.03135940289887205
0.6500460861324702,-0.06871426552549567
0.6367685968165717,-0.026331077300988447
0.6961966700455955,-0.01871793151615264
0.5633815416046319,-0.06997996786084375
0.6356493851138414,0.07462322807929307
0.6803727753543127,0.07813498680564077
0.6185580036603199,-0.07950439687605064
0.3324663195031553,-0.0530880788252754
0.36932088076696223,0.011431684576853993
0.6184288391182117,0.08002291990061786
0.646660128456384,-0.01540711734346513
0.5874270647554621,0.13705271910706654
0.7452627672475246,-0.29790460938061947
0.5816026096420637,-0.1774646116488771
0.4543727233875196,-0.22754620015922153
0.5218589589450773,-0.08890925262039741
0.4200844874031057,0.03091102488105769
0.48346041492333514,0.003527473995375614
0.6541933892448143,0.05101545756433696
0.7145882838818644,0.0060681820569075924
0.5082325463227853,0.08783133416214717
0.6483950909260343,-0.14144956627890257
0.5921605522475332,0.10739063024643399
0.6524151876217098,-0.0293667838293607
0.4716779227194891,0.032664481988276206
0.5277103444796459,0.006162381701733433
0.5157683327673434,0.016389445767336232
0.5850558914531788,0.07458627082222581
0.6868463859316012,0.03532769767348649
0.6202684022166398,0.018979737018016772
0.558720074879942,0.024771865534988183
0.6809364797710558,0.01143145795037673
0.6991722604415197,0.0024703211628865473
0.716252880675561,0.0739735370450376
0.7287924868966683,0.02151996163998312
0.7231559134855936,0.01298712443440395
0.6505576675091761,-0.055346609408079006
0.694864031785938,-0.034781529450326934
0.6900863707749411,-0.03140255552168407
0.7050221432212259,0.03802121360657802
0.494362922889962,-0.09836014020188102
0.6430152878816078,-0.11443908287706327
0.5555352023432288,0.11423235881663481
0.459958810990746,-0.040386098110277886
0.34009546171394195,-0.07102685224002557
0.22154153364277346,-0.09464166791905133
0.3266092123636876,0.030284768503302473
0.7041947661654703,0.03556448415476627
0.7399871687716117,-0.00891965666325385
0.42475741895307095,0.026493257977571426
0.29603169849998123,0.09516221984706065
0.14207807259522154,0.18050643621243442
0.5688903753594108,-0.16414009203502122
0.6019076576343884,0.021858471603613164
0.5339349879570549,-0.04636078252378135
0.36405225030057614,-0.0009358595666547048
0.6389127651116945,-0.10984626072822692
0.7475737198364328,-0.3594452874453793
0.5186234444369244,0.010904708912288811
0.47260632692945337,-0.010281458317576786
0.4393356467818508,-0.08796446243018206
0.5041921925477924,-0.07396534849318928
0.45397044760142374,0.04505937826701024
0.6838181112679153,-0.012307905055713605
0.6201121409062936,-0.13993605214524157
0.3683521454635226,0.03454650500729134
0.5233489712519088,-0.03182451408122754
0.7230792717224002,0.034013974674366836
0.805678198897446,0.03998703788688091
0.7365386079798639,0.012692000330310415
0.6708446150276783,-0.02685187972252441
0.7198022813804485,-0.029809213889022024
0.7301823885492829,-0.062137171861818705
0.7266912914799913,0.014996297543135582
0.6639519839103308,-0.021727077857957005
0.7007710912918932,0.014867899868599963
0.728487770945794,-0.0010408548685617504
0.5662670440563501,0.06501353624237537
0.4785801996867944,-0.0938366886854293
0.7126595271799343,-0.10624913091348426
0.44913097517095224,-0.0022030506085903337
0.3595305279988185,0.058664205759309244
0.4326087462770468,-0.03894296925749122
0.4354191448257953,-0.03322726221718379
0.6643323965730192,0.0920479334086917
0.7641280894419978,-0.06810676879177835
0.6546694604373612,-0.007698414444677388
0.5828757385845384,0.04057378792946745
0.6185953233973344,-0.16762274751890943
0.4486574847110333,-0.07146870257258632
0.5391936903355504,-0.11928960434064419
0.5400828431799797,-0.0022573487793693544
0.5943009465552098,-0.047612286609317704
0.4148861788763421,0.06457353392213022
0.6575214919192285,0.08028913536519279
0.5138028710032573,0.14035120755409608
0.4666865753627885,0.0009311841098851481
0.4506381343459567,0.007973077713684466
0.5617629618445151,0.01849073851081484
0.4927460987215767,-0.027076747183303933
0.7147690127446701,0.005005630270757143
0.5721023721462734,0.11609361845777827
0.6338700109016745,-0.03184907806203597
0.3456135337758747,0.054155380319630644
0.5578305393860751,-0.016103754211158835
0.7081688476321237,-0.0030268094301164595
0.7523317966575738,-0.1131942095786402
0.7213573891357702,0.0344283392571906
0.7007797043607251,0.007292536402236909
0.6628166407803256,0.10156488874111548
0.7279636021346972,-0.15551885825148035
0.6054709473223017,-0.012464845690282899
0.6186269320104946,0.03588882095751946
0.6860459400696031,-0.013167214116120131
0.4552725111931756,0.012718514353305736
0.3730553808009387,-0.009844858533515358
0.6911050783148921,0.021048033925861506
0.486857530804613,-0.10190427095172526
0.3095958128049577,-0.012909363959071121
0.3693069771536156,-0.044574659522592985
0.4207931165724803,-0.06605560578421837
0.5619632963024123,0.05982177691184043
0.7388750447972535,0.06360084799019994
0.8315523821174917,-0.015582041441196326
0.7331656650164394,-0.0919955637859562
0.6681665751948626,-0.017763762721143914
0.5590950911664065,-0.03826519662858226
0.6075507367444901,-0.12653770059624445
0.476541280706086,-0.022897127763857352
0.6161956601015816,0.03736018786798278
0.744105067387867,-0.010579925881900881
0.6447256764457429,0.006597386696795943
0.5780054388100379,-0.12766901811978437
0.7153556262746515,-0.009162799308223515
0.7229563991667773,0.008605954259561724
0.7100305235155357,0.044538019922825405
0.6923447758808877,-0.015510238132778988
0.5614252369755964,0.01691706134532842
0.6956019055804338,-0.03427916994115489
0.6435407752183769,-0.024383672997196862
0.5550710882718539,-0.08193351215891188
0.5233858448744999,0.008207157707136552
0.5281995372798002,-0.01770354586016072
0.7607243610620602,-0.02173407178229065
0.648265761672458,-0.0038922304913955722
0.7610864137059105,-0.015538951832385043
0.6886535943213955,-0.03780236404332984
0.29850326890689655,0.09179445541487372
0.6346894003225574,-0.03626668318400454
0.6770221649754894,-0.042282882336902305
0.6968855599603323,-0.011500407859808458
0.48569380787169597,0.06010813421066178
0.3684942839817473,-0.05013451094917448
0.6230656154301486,0.028049209828780643
0.6785837278897018,-0.0729493631355039
0.26526358534112293,0.07079324324482562
0.31035363557332346,0.07441013850953017
0.46796477162625766,0.04637625134361285
0.47692616880015676,0.03327250748529035
0.5761518468277497,-0.06660682498064609
0.7643021827381411,-0.1643637522519733
0.7989962761387321,-0.030932409538720833
0.7468533896869946,0.0984170855646488
0.6638219446007195,-0.015834656547646205
0.5525984246105454,-0.014430606021382521
0.22270060868407274,-0.0015189306047219972
0.41196389584630944,0.05726383925725634
0.6330586516618447,0.11819438935810277
0.7210797450197272,-0.10012588943334277
0.7155136798511423,0.08377553568586077
0.6492648079861452,0.005331471522037436
0.574595168210483,0.013598921310020256
0.5802702403165167,-0.031402044706418206
0.6487483407087676,-0.06098276227828789
0.6478936983980066,0.0013025403720977582
0.7233851214857634,0.052558517132586934
0.7438431790380272,0.033418979657335146
0.6258645637155876,-0.006437829709404472
0.4153592274884926,-0.007474292251181954
0.4999353297646862,-0.05739251768114035
0.7711574076956532,0.03600981966754731
0.7783821170415862,-0.033999238297319975
0.7150749058106748,0.05208707874115131
0.7060377018085909,-0.03174473757116321
0.6558429802644219,0.0042809923630737195
0.6403812034940349,0.11687688022983282
0.7141671646703079,-0.07394798930075865
0.752243019798334,-0.07902415736562114
0.2538028877156323,0.09799347388766623
0.24915720125280116,-0.1562294414653946
0.3429383996858564,0.016909472108546698
0.32052713996759535,0.008319842808665908
0.22775401132116138,0.07691308146686794
0.05919310992403293,-0.032882536827426645
0.3267493803390469,-0.0635740512814994
0.4610305453784711,0.01588618695429046
0.7133602243359928,0.09205331976232851
0.8185074527941992,0.05044586764134598
0.8499732344057004,0.020702807250278316
0.7887086681414721,0.044033995857253705
0.6704707649661282,-0.014386889791515476
0.6985695669160316,-0.038705986072360275
0.492040143257436,0.07012394326032058
0.3721512755726345,-0.017017809062895704
0.43726241742415833,0.07178652665403286
0.466473681632632,0.0022840685656454482
0.5257441828650513,-0.04489237283710504
0.6769778750092234,0.07475948134569271
0.6752033922564143,-0.040061724221959985
0.6459676267926321,-0.010287758272756
0.5636489809587911,-0.06656309695129746
0.5818356738520498,-0.1153212749687953
0.6825820764458992,0.07924347348470041
0.735769209964422,0.016830117858097456
0.7212436797828691,-0.06302499758840995
0.5134234811482131,-0.044218631982359306
0.4434089891160818,-0.0027209181021684166
0.6528471327381852,-0.03682738456920233
0.7018271628060742,-0.01088350005466127
0.7455489066686294,-0.052892122343548585
0.7472496017779656,-0.002789898565432245
0.7124169659214111,-0.032616497042450385
0.7135063274169662,-0.026329434448468685
0.3756747109680818,-0.006319805250318236
0.6604518693842615,-0.14685560384882496
0.07567260313330618,-0.1272169825584162
0.20860396025762457,-0.023354868893930947
0.2570667219097198,-0.003424702108838231
0.029699371530778174,0.03694529557690064
0.07115060348240189,-0.2043770923015779
0.31087165786225085,-6.814549375221227e-05
0.3774087325554398,0.003928365791067394
0.7082024173023148,0.010289084857862354
0.6582127191831003,-0.0609222345224059
0.6831791781572198,-0.08949351042608758
0.798238860119496,-0.10829458420516686
0.83289074625113,0.08845069948577171
0.7623043469731742,-0.05290084606309405
0.7201298800121061,0.01311839483175105
0.5984612239753543,-0.05921723705853993
0.6137246814047205,-0.03721390469333255
0.4790523262305608,-0.05149415148904857
0.40784474747423927,-0.01856431807626994
0.47829157200104766,0.06136294858803346
0.5378301412885454,-0.11513225003809513
0.6040023281072124,-0.0005537531695122299
0.701808746195783,-0.05917902010561251
0.5761432365498893,0.04158948399162108
0.4749636706997132,-0.01607911926816583
0.5966539957096638,-0.07348195908411748
0.791324869536793,0.09273249896298368
0.6213671401655986,0.01602396640760766
0.5896762995277713,-0.0708518410166228
0.40005654721306594,-0.06454282970887722
0.5052532602114584,0.05619782415113916
0.7518125065891883,-0.0588531198657042
0.7484738232389222,0.0737090058385244
0.7426126067083274,-0.01919628984709415
0.7511984302762942,0.04196261490617181
0.7377652478969514,0.03635103725712718
0.6135487292136558,-0.015077826895789173
0.7374460820245647,-0.1317326434031021
0.3100381197770126,-0.00945033948278843
0.11046294112254963,0.06723963807901556
0.12736365227775978,-0.020220342579798888
-0.051441608459088906,0.03449139193514889
0.010314486653430191,0.05951477438452981
0.25622797462443114,-0.05204638359951655
0.34000225414933066,0.04069691135994443
0.5107306402239096,-0.006042023125046279
0.5172461825908267,-0.018129245232839444
0.5548107199899013,-0.010451291289829252
0.6806029037048037,0.143071429518599
0.6905696179276174,0.026456912302308667
0.5154126678126211,-0.04464463042417948
0.6728908178999047,-0.018680132263662497
0.5032107434528801,-0.04588961760695017
0.5306199182001494,0.024362851440985454
0.46021599431840093,0.012644043852945807
0.45501249783392356,-0.059081132614770146
0.31674620257278974,0.003770170324885331
0.1585688440656059,0.06108704657957929
0.2211077328596046,-0.0774891102069374
0.6394575149413608,0.0053256440364343885
0.6529735952358374,-0.016162706555382496
0.3858581197757954,-0.01622161616040123
0.4421927556646479,-0.08496027610272208
0.7263104275844061,0.10345068789853447
0.7105574762684045,-0.10397628401806829
0.5827914951231729,0.021146311590857832
0.5098283536781304,-0.10617005981533284
0.4998772427223746,-0.06527829002431863
0.7864371333651479,0.04089289563141388
0.7009666235905107,-0.10879943726839748
0.6361392946169635,0.10864530656077949
0.7357293259130948,-0.010633021067010185
0.637831299971979,0.014453589725159952
0.7145413968115402,-0.20440636833583856
0.4382893306313061,0.043324603353905165
0.44235727663690605,-0.03358332902354369
0.030379405763683965,0.08529194329137325
0.26945637020576607,0.12647448647278625
0.12380484193319449,-0.13438682352628642
0.02385326182719047,-0.024237778515697094
0.1781538810317093,-0.06526428996920133
0.28153177604714563,0.028441624246495448
0.38819943769888343,0.011294120187658957
0.46129682411072753,0.04114491748983526
0.468047803873483,-0.019466907211751493
0.5477054194367189,-0.08312068101138453
0.4475243143311413,-0.1303515550159082
0.6913609277353021,-0.16870107857474756
0.4191168102189092,0.004906804192185173
0.6071849747509902,0.06448032551290427
0.6534525572599263,-0.06837460033916519
0.47229045351367094,-0.027062057747270274
0.4459130833618055,0.012161325737035746
0.4062885772743933,-0.0200703819051806
0.1496767910701825,0.05603930907752775
0.10467131466955823,0.0959355299911554
0.2562545354164437,-0.14074319652955286
0.3377852685550691,0.06361028684764573
0.5715697793546737,-0.06779566148598574
0.5066447055580003,0.07815874999438609
0.510313230248869,-0.02535000742416317
0.6238260234676697,0.017554552575698837
0.4874583348489995,-0.03512205909823362
0.4507383895429529,0.008301621995264095
0.6082203162121639,-0.022244873547829492
0.705013188086719,-0.03266420919901176
0.8150623382005133,0.11504579479101118
0.565952385798784,-0.08204347368736215
0.7865328335064365,0.0016967846622363812
0.6241149681556699,-0.055835102178832884
0.5871972598014026,0.01704394931297896
0.5441859235849595,0.09404608936111669
0.42439623568467433,-0.02488843338592888
-0.11843874565817876,0.12557118060638467
-0.08984983707644616,-0.010250724170158291
-0.07666855202825122,-0.04346700298538148
0.2660833519738681,-0.0658431938493035
0.3188633661549837,-0.0013687422862727827
0.4073170492252005,-0.0029982529080555985
0.3478788173022702,0.010320366673630395
0.41814263773986693,0.0017139296305814953
0.5605625122830559,0.00621448723067497
0.5668154902085843,0.003452653722477034
0.6568373257708569,0.07792030715122725
0.7489501884717593,0.13802316594553168
0.808793999190786,0.07985614046217954
0.7124459687459465,0.07567751454127972
0.47847710858143666,-0.034970392960628725
0.5396513714642693,-0.09812543644384407
0.48099396034109976,-0.05148222880611087
0.47179583869777386,-0.0503392813792073
0.23304390197435082,-0.005028616297434714
0.028389751578359993,0.09487388551338889
-0.07590685958868285,-0.04036058479298554
0.3358588518059158,0.011721176379880993
0.433129165141828,0.004173928105889149
0.5177351559729871,-0.01589214694663328
0.3306890565398832,0.033696130455673885
0.38531500270344105,-0.0011620345433715267
0.4185170673050214,0.009835936224247286
0.4446423659421865,-0.015376030127651166
0.5000853065362703,0.010943041143016747
0.6168414186714871,0.03856211520727241
0.814113916217802,0.03480926155550003
0.8014759396997048,0.017523664641887742
0.6667397588775577,-0.0685305662210914
0.7951642417468096,0.05484560840709053
0.4857809348003825,0.1063203439071287
0.40725274656858945,-0.02269757588581905
0.5320760477689418,-0.03386479803838935
0.42975970333455193,0.014897898166242781
0.07675948876508261,-0.172173491123087
0.14960677812094123,-0.07934074587884922
0.18034349622034535,0.002579515865546568
0.14470685067844993,0.00916085320630717
0.19768403977126875,-0.0014529832970955512
0.31058789435845746,-0.023108398348404863
0.3726061033924141,-0.032681154896646296
0.3912491264733781,-0.003870267839613314
0.48748670913764897,-0.0024529107184805355
0.5577858843283053,-0.040172602330586074
0.5805388745102428,-0.03636379709235069
0.6634192339944356,-0.23599451511404906
0.8509659386199974,-0.03225540479829381
0.6512355942417647,0.01885729408853106
0.47774572414472827,-0.052138075346968786
0.3428996886854276,0.026252605848043477
0.30770262751095345,-0.00590787076371932
0.24917484563593634,0.0486859173227783
0.12904069214498973,-0.04744101726956077
0.207347039784558,-0.09026326503226738
0.30099793510914663,0.030849811650751388
0.20730600393479484,0.04143878894615546
0.6831413417937656,-0.0009570902279444066
0.21097023664752854,-0.14940270579695045
0.4272721129012015,0.08005999774177361
0.36687534212859463,-0.04054356528499317
0.3288553062980587,-0.009444605378235646
0.30639676624420525,0.0035585025662240254
0.3317225054984927,0.013612957188990945
0.6434430748533501,-0.057538819480725714
0.6249529661397333,-0.11541112290486158
0.6971229938170299,-0.03176584614376095
0.638731163539554,-0.010098397973156701
0.6306071095848834,0.04756164617599298
0.6220879749145936,-0.11859540678462023
0.3356558166858231,-0.09247731158839012
0.3202447884887815,0.011294139940088677
0.38780936032269536,-0.0178291450407542
0.0842328584067754,-0.03295642365425306
0.20721666007058204,0.0016082501077187175
0.12253289286540511,-0.008810793361262195
0.03220957454388767,0.029420775335328456
0.05123787337739013,0.038121956925953
0.14602742394497134,0.027269294945606915
0.23086019174647962,0.04128890026743543
0.25271280662406465,0.02472943195334569
0.3972242033979919,-0.02796477100569612
0.5188604977674663,0.02284667433542563
0.6994065012920372,0.08910188990568914
0.6411012574287838,-0.2335518530394202
0.7349959440678276,-0.10870339210261493
0.7412583738234814,-0.14255649244511523
0.5440750874083952,-0.045346436931843724
0.5408912492837471,0.026715506516997004
0.257171069122985,0.054275237542517035
0.17099960014781665,-0.015255217324662233
0.24732456717404383,-0.13236818585271717
0.18165198768800472,0.06859004423042442
0.3671498785257775,0.132835527094522
0.370393081692183,0.0790565158394039
0.6189370075510263,-0.022200721897438762
0.09913396863829146,0.06377702255029429
0.22983796570437395,0.07265641212184477
0.2745784886354134,-0.021686515365441677
0.38152504052315916,-0.013100185782135345
0.44560188164778697,0.01996721329071021
0.391881778297247,0.02371727680574423
0.5743758535550343,-0.09473433240187766
0.3837786370432714,-0.08797580526768468
0.614717388185826,0.030712507729848786
0.4521609711872134,0.05557243823798124
0.43711484546136115,-0.04753753385901712
0.3171443317150612,-0.03769694026144438
0.23042826084863752,-0.03736754281842816
0.50021991636423,-0.021008443681516914
0.3675056102297267,-0.010171430125317267
0.3493005444716618,-0.015586148190113754
0.29576626701860126,-0.02971333630799708
0.43233378734122685,-0.0014067243844855218
0.5452654093387445,-0.049229285217898405
0.3274511820468687,-0.03841832823995637
0.38406762691378105,-0.10850054913956778
0.4747517413480591,-0.08790092503029115
0.33085450902025826,-0.023039632589210993
0.3873678918695533,-0.030671678416610806
0.5459940297985765,0.041567834838772244
0.7788226532257236,0.08302099816745218
0.7278655164224905,-0.06209854537296421
0.6888413191147514,0.10477735341262968
0.6337856390968568,0.09952609602397061
0.44583685195986994,0.02120836159391659
0.4299572768416449,-0.06461224353963062
0.39737111423775473,0.029288407454028654
0.08698394518695811,-0.03914653114091895
0.055824129012331046,-0.03794385747762438
0.09099397651754,0.04738419865231585
0.250746971178937,-0.06821167749552416
0.2969625184302432,-0.40981313389673923
0.21512492190575355,0.02382522140753755
-0.04746026102443068,-0.06308842275126647
0.2520732212435646,-0.1214632861556797
0.29106480023876763,0.010255664659899275
0.5034439038344302,-0.042938879033483215
0.5188525707538962,-0.021807305933112305
0.5862159004369323,-0.06048025280245923
0.3201042179285826,0.06119611300587284
0.4801787895495671,-0.05812130076554656
0.5677405531735429,0.07729888145386
0.3121403044623763,-0.061306401308821
0.21758262245477755,-0.042797571452877624
0.3172767583815755,0.0032929896175505013
0.3276501052589633,0.04245143612861445
0.4670202822183967,0.04038627644939433
0.5241002511660715,0.014276846169812087
-0.05468773697593607,0.10819494539969689
0.05692501269677705,0.09831485660639698
0.15552460554173358,0.10384693812114362
0.20052330347438171,0.08174555818188205
0.46393364084511385,0.10632004155071001
0.2989328567596351,0.02137163412493217
0.22236810224777143,0.006686175719143585
0.4120882604496948,-0.013842340967949953
0.6194156893547459,0.060470179497164094
0.7565664664334703,-0.03129344083094134
0.75732927830152,-0.1423131193502539
0.6842440847379574,0.019785837036685922
0.6939371507947483,-0.007374475745162379
0.5966114515072584,-0.0922234957664532
0.4691722959717626,-0.09074281736886713
0.237883741014728,-0.10018748273644588
0.15929986096201693,-0.09648921178485494
0.1057247380255671,-0.11975812681028468
-0.06590670417752009,0.06383113831578253
0.023911562316791493,-0.02066006429419039
0.026397218846339696,0.06400846715540204
0.0467558360142842,-0.18788833833684324
0.014054174821779088,0.06033084914239484
-0.01706737624693529,-0.1243183177636408
0.18030551529789693,0.034545873589963604
0.15787734895987193,-0.06527076002772546
0.5819966010307163,0.01527914677518805
0.3400718012968293,0.0029700039511911234
0.22833585783871843,0.09311556848881886
0.3887419061930715,0.08878191424744636
0.3596518218428265,-0.08339215718309505
0.2657552693774638,-0.004417394035137558
0.244328753626222,-0.05057246747754176
0.21971542658091323,0.026873692527460292
0.4908302253604537,0.1556374884036738
0.40292571189547016,0.07913285687043656
0.5491164337636593,0.027178750710199984
0.6219457451450233,0.002424362281553989
-0.04188881211138114,-0.14331704606244536
0.09799744965565149,-0.12463151578225702
0.11733325378170238,-0.15489795656096775
0.11795699702863238,-0.09487814405915014
0.2072615286745159,-0.08289217582662445
0.3659226865468436,-0.03535884588554109
0.23648426261942324,-0.0017442159987524036
0.44526599511163933,0.03606382174577072
0.539646132906675,0.009600461590761831
0.7046956081112724,-0.08271920937935928
0.7644177571024432,-0.16798166314716156
0.8201003696516915,0.19823033195420026
0.5788741881953448,0.07574875107113288
0.4881322650727563,-0.0573211814112946
0.4166114192293222,0.0349598997563858
0.22461560623609955,0.08249630071650044
0.11733504643717978,0.06556122373466361
0.006895835194276829,-0.008857695575356445
-0.06681519413016813,-0.12106442300083503
-0.15943241394034163,0.022930157007606564
-0.06413737436818075,0.009380956412983135
0.005059444936527345,0.027601901974298855
-0.16806932444917577,0.06713758110558331
-0.013622048619947652,-0.14736004738192018
0.019556772772626733,0.007687403534721251
-0.05401267700974809,-0.00012140707816938261
0.0015702901036878942,0.06558596195814409
0.09145333684143267,-0.17745792347511033
0.15113300458213658,-0.1088556851416631
0.16667384403461863,-0.06853952689507434
0.22606532984064207,0.023387026335436274
0.20834099449427915,-0.017691324888969226
0.17824244612704565,0.00816208914297611
0.3794115341230502,0.0532011115125083
0.1887059986193082,-0.10488233236586544
0.38560963598036296,-0.2271409311139158
0.7002378303680967,-0.09988282662990582
0.7953396948168232,-0.021032384933477255
-0.13193973300171674,0.02342906064511956
-0.14081768263184857,0.045671267020494816
-0.08771471289789487,0.0030203937401553907
-0.048298863971116233,0.00834351513586729
0.2811051632129255,-0.09349621029196206
0.10074522543868951,0.03711160763369861
0.18581842454149586,0.01035581330498964
0.37793385360977483,0.10121001628500305
0.7278396590124218,0.09192753969739366
0.785936673805021,0.0015287199963977562
0.7581388128900743,-0.20717025914720777
0.6890836979263044,-0.13322863616140176
0.592530671918481,0.06875289918553748
0.46855519929017353,0.0021407768789257313
0.4537783384691135,0.0005857023300103246
0.327964955944611,0.041800108980562196
0.2125036249806777,0.10396336594334521
0.012063218063827416,0.06496349733178766
-0.014712052519735785,-0.030590045494411716
-0.165878112586405,0.0938131825838441
-0.16057087874452042,0.05922428490268219
-0.18212862648805228,0.0827416997455999
-0.1710578582957004,0.05900342417746834
-0.055287050214372545,0.003081921883827152
-0.1319941153019298,0.057402692117139935
-0.10753089254271372,-0.0695299010869379
0.0159899969542901,-0.10580967207219098
0.19371869912361406,0.09574564491873246
0.23034773816745407,-0.03865197448538901
0.23554694929786643,-0.03767276368744837
0.172827690270075,-0.05246578352735179
0.35649684514010616,0.036340910000892776
0.2721132856846787,0.020686285361008916
0.445188965582066,-0.11142956824194886
0.7847833874038289,0.03845369453028645
0.776254044304484,-0.12874097984542082
0.7933264792598952,-0.03507556652318449
0.7997439544389833,0.09305853231111907
-0.12379517598761401,-0.06457724419717661
-0.0814267905544433,-0.07738321952995682
-0.06434085328512654,-0.045739472306533274
0.11012644195357355,-0.0029197917758322827
0.1892607702771566,0.0005999727567265986
0.46535533368386844,-0.0836916436485488
0.46021825011148493,-0.08775889768133381
0.5127844758334166,-0.05758549197142596
0.7493633016366819,-0.02740480532654235
0.7350417556461147,-0.12438654253370028
0.8370546283439334,0.1256024026721819
0.8120886350944637,0.16105273767407302
0.6012277119157462,-0.005889124205681766
0.4483956780987626,-0.11222023819952262
0.29054056428863817,-0.04437568254240152
0.2082611681686185,-0.048023528726878754
0.10736668510468003,-0.124046554328504
-0.06293139307488263,-0.09620348802493861
0.00844839872227095,-0.1380576799882098
0.014911264961436056,-0.09624471879118329
-0.0568871192805271,-0.12853317370080952
-0.06812571378299109,-0.18805460150291442
0.05480442094999434,-0.1483017496338242
0.22633241500587364,-0.014801208097621343
0.07301442502846646,-0.06831851300607183
0.0950259460616348,0.012192528972524087
0.08508837851002113,0.01974451034057915
0.18731036469612083,-0.07296774581234526
0.34776306471433005,0.0006072348053867743
0.3732725194138774,-0.006937171983740679
0.38510288284782396,0.020221056231513542
0.4469986472575707,0.04459187180933596
0.5638082583975018,-0.06040530892806291
0.7871752829570234,0.016274981943734102
0.8142236807980335,0.0462304855629258
0.7889690859564904,0.01342340059445172
0.7647872833906258,-0.04045944098141829
0.7489100577228438,0.004437560918909042
-0.10816953477936787,-0.007301581423089115
-0.028312279110227222,-9.352839350462507e-06
0.10315267051487324,-0.004388549207263239
0.3362041072114732,0.053484924350316695
0.4436033182384654,0.04057939975824569
0.3816339706150884,0.03927593395117267
0.5005731715294532,-0.06694243239403463
0.687559804535793,-0.09918510394012572
0.7403605270668491,-0.059520076625777775
0.7505298015740404,-0.18446328224122413
0.7881295953806079,-0.020325438458186813
0.7591950556297525,-0.05984757369034143
0.7276624929227531,-0.02849267221675915
0.24755233631492862,0.05912672048743687
0.1707510348430833,-0.055675656623396685
0.2830795610982004,-0.07743803451640473
0.1349393293149978,-0.06298197365072161
-0.04422180520092553,-0.05494298684806896
0.06936281361437532,0.01773423006846944
0.2499897086930485,0.017760891141858415
0.28817302060465966,0.010400397336704862
0.21593593516587894,-0.022965066142298166
0.08762970150345488,0.014636093074304786
0.16864931223730217,-0.021792579239324022
0.23451120145988374,-0.029906624686933454
0.1769891803731308,0.007267385642672531
0.2671621572772713,-0.04474240064106925
0.27101053839377887,-0.02664410368316685
0.37802610477330467,-0.05999531888700317
0.39956465547057923,0.014736742850599616
0.5227145101441009,0.09153783092906839
0.6076315020168767,-0.03942850150894066
0.7679850029058802,-0.07045725622554777
0.7751423430477548,-0.012938642402990306
0.7865316410768319,0.05755125437987746
0.6958895661939025,-0.021806396837649154
0.6071048852302949,-0.034342894245097004
0.6349993010676183,0.00834362985173281
-0.02753960563123069,-0.04490759599990412
0.05320737472731341,-0.033579294655337065
0.18313964073770522,0.025416965698059766
0.2897125423983482,-0.0775105711659377
0.35982394645216026,-0.06730229877380212
0.34818282908144366,-0.049164128269726805
0.5844999874426713,0.009352091557262326
0.8139391572524484,0.15557047399055562
0.8230086147718698,0.15001292324982424
0.7702646216013485,-0.06259888400149066
0.7763076578502646,-0.03847291850366605
0.7398767180047723,0.06057857023080969
0.576634396023334,-0.0498927374191663
0.2674747184046845,-0.00394688914562788
0.22826686146813926,0.0848920161485326
0.10875470837510848,-0.026886962427937575
0.10490355441002286,0.02051919636083986
-0.0023059532512986476,0.003668530104450932
0.2084324724767011,-0.027175144009157524
0.1955887519293291,-0.05008081142415869
0.3449288119763449,-0.03279331603524375
0.25262927841803934,-0.00747508349618292
0.1963853780599313,-0.018496597001606992
0.2876921755395866,0.012025198763467065
0.427881136070722,0.013878123387784484
0.39820793502760826,-0.022283449936593137
0.2562150784423977,0.012442087029803884
0.2514702327113061,0.03283421897089531
0.48787955013201634,-0.07987991896605175
0.6307803456224759,0.1469018948163407
0.64015495404591,-0.012421651309133582
0.7511514005644687,-0.1115710065508847
0.7319750069625115,-0.10936581633902784
0.8012524851615593,0.13200072926121517
0.6990834259977442,-0.058076921773281935
0.6545567202719715,0.012684022112105658
0.48557357771964094,-0.0045981968007133564
0.3835266263815935,-0.056168386669729294
0.32309465790377895,-0.04954065498668904
0.11167470240015065,-0.03220325661002187
0.14216529705678452,0.01247859882705691
0.22410553595429444,0.025790075535517924
0.4146867522070596,-0.035272688757380065
0.4949521384852047,-0.0475275529380099
0.7994680478096479,0.011684727078741448
0.8748188536218273,0.15840639215748847
0.8275596368979758,0.05636303504677967
0.7895502780371497,0.0061619862840293724
0.7655652617682812,0.14439800803806563
0.5431550442545987,-0.0743231680113029
0.39332722054149183,-0.027145549132315205
0.28580655551409273,-0.06451543880549178
0.33949531075380374,-0.052038432568844856
-0.027580257943501076,0.029751074604866107
-0.11929077875233239,-0.02216238764638598
-0.0789738377514826,0.06760813359524231
0.03782620847851704,-0.01722254240919782
0.44467259652028573,-0.049313456898692265
0.4187465383734709,-0.09169832892536059
0.44850968127337787,-0.05193834482571689
0.4790592260293003,-0.09017839069477997
0.5745084985680321,-0.01330779019766943
0.6808842791709153,0.040302231140335196
0.6480224862413387,-0.07799070780414202
0.5537232374432509,0.0036063168004354983
0.5576810179008562,-0.017783729494266636
0.6811997420490606,0.029275028304691805
0.6992889382355656,0.01687877298874202
0.7508210387470393,-0.06829091170784536
0.7132214686510264,-0.053365806744816925
0.7671616149331408,0.0009853644537735648
0.7411807962774054,-0.05238772147981936
0.6131116338457755,0.032630965562810484
0.49756076890637735,0.014227889711178474
0.3590794555945544,0.025433059769935304
0.3452817017039461,-0.051216706225439605
0.5574347277105219,0.071752870142055
0.46904085165573944,0.01085440028958969
0.2571194903119979,-0.017478155929327527
0.33058848991592615,-0.042554770108226475
0.49203799437342804,-0.04481214602414682
0.5840181400429532,9.585780596457572e-05
0.8322286707136208,0.0025400029186341214
0.8065347048508021,-0.18338338165546858
0.772984778659381,-0.19151110987592684
0.8183740626036278,0.04249338732159104
0.751862027188566,-0.0915548337028035
0.620455084681855,-0.032445446878396136
0.23317254447139402,0.05956605899107222
0.13730003723636303,-0.05329757295645309
0.0416212158224759,0.017246274641914968
-0.004815015275791737,-0.047412835987256506
-0.07644360282999761,-0.19058926116891722
-0.08805621948186484,-0.005003404086773545
-0.08046470795787992,0.006807370532330876
0.03152567092020396,0.05840325903149299
0.24907174990548006,0.05585954814393462
0.2624810336821864,0.05983489277993791
0.2167158783174563,0.03497635354743268
0.23644143128544406,0.042071381875704285
0.38884255103954346,0.014258633318134584
0.38192925317028026,-0.05070469283850604
0.3630393463030103,-0.014111120378256901
0.5914992574246608,-0.010651515731466629
0.7578016145949319,0.03955116813819028
0.77747721519293,-0.07319649250104562
0.6452277456614456,-0.04322499913416403
0.7491833144969979,0.018139368055232537
0.6154297746395153,0.020687204112280373
0.5634126033602175,0.028513686151929004
0.385312194601016,-0.0133350905132792
0.3802429348590108,-0.03956724838457663
0.18505911731906227,0.009724152713173359
0.1849804462436047,-0.009525086477753993
0.6468591653071992,0.03097401732064983
0.6267084765440533,-0.008637006128746693
0.32272915438109273,0.005183254296810001
0.3623374434079033,-0.05027986458370319
0.5788485965027547,0.009559856503108007
0.7531485542753354,-0.0044598650113996845
0.843810067810052,0.010675702512587865
0.8091839846665155,0.04576735118498693
0.7843870917382386,-0.07905048098450754
0.8071643344349287,0.07754320956261543
0.7292489902760946,0.030511414388004098
0.5534931731814445,-0.011299644256824982
0.4031989475663707,-0.02806545169202595
0.34059497421243284,0.020738549652754616
0.058877981380122804,0.10035942405691897
-0.06276285871902171,-0.02204168360009949
-0.13528219941532837,-0.137001360819597
-0.020107729077727215,0.027808056324901607
0.1357948200910278,-0.009664170722371445
0.20979595133592796,-0.004861204507033263
0.11668697334188957,-0.010320543344116537
0.13423327967137874,0.008228098250277002
0.17473409530870535,0.04598711410765977
0.19762046631913505,0.0209211951309372
0.2588858976384268,-0.041410718742867586
0.2719002733519621,-0.015821564296649004
0.41264503182078355,0.09915059289316502
0.5525255393073956,-0.007279187391422198
0.749211002001307,-0.049555671235087126
0.825830476225551,-0.034682683510286916
0.7807242813820513,0.07753612382134321
0.7446484631942156,-0.007625694679994941
0.5834500098641766,0.05670156968039373
0.42638044723654595,0.030636021668086207
0.15777950713467245,-0.012987888717367625
0.3266467204273852,-0.03014038704990672
0.23618970233882247,-0.0001359440695998245
0.08334355330905674,-0.00021748978564544607
0.7178601003518087,-0.0007262826808058104
0.6484796496116326,-0.0035569912919884445
0.5482290048676698,0.004373127026208925
0.4673129911985209,0.016278190363034118
0.6585253809291269,-0.03526308070675496
0.8421272519138019,0.06164548290369796
0.8477264523638945,0.12426838494925593
0.7691049258540557,-0.15597880420556504
0.7682576526869288,-0.08058791915575698
0.7486037331321289,-0.007142589612402412
0.6964321488103277,0.03999512681847853
0.547265833542948,-0.019147114692143127
0.161217751099616,0.0339860887731343
0.11932720088533588,-0.024157083951733528
0.15056125293284567,-0.058828172529463346
0.13351552990928817,-0.15917434733071645
-0.1021803246096482,-0.014851586759126024
-0.003828423450660025,0.027075088244112755
0.2597730060415753,0.0018491386238892987
0.5171172914557794,-0.04779723273550048
0.5078609002547838,-0.02709352333245729
0.5213737844236537,0.002365131405075537
0.4971010947980493,-0.04011492530896537
0.4280431116687442,-0.03497903286009739
0.39703704087178826,-0.003227703203343567
0.5041100102861564,0.09221169505358355
0.4202956203307969,-0.03482368294491975
0.5646215656895364,-0.09744868887075493
0.8034508533025045,-0.04701615219980227
0.8450986031350549,0.06352154004344042
0.81242775444519,0.023770082661735737
0.6463332025925236,-0.01734742832998174
0.42756341993778996,-0.04240101711531781
0.3563237919752096,-0.2513290035726765
0.45412474469619823,0.0012669371396771872
0.40089239834931906,-0.014316238767047157
0.2441497694652992,0.03993085477741862
0.14534127493620594,-0.06590376864427364
0.6127612663236138,0.007499146500321296
0.5117348771038326,0.017760082312902863
0.5234851527053279,-0.01898476328012305
0.5057178166592295,-0.018371167860359538
0.7119702913536525,-0.04252889377354311
0.8240904838922141,0.03338798866497813
0.7815183795158711,-0.07855764417141414
0.7475513819637125,-0.11002094501813373
0.7658427320234974,0.0022428376692054455
0.6342274295963118,-0.025487986392068326
0.6156122931279063,-0.017012908772946984
0.4736174799115271,-0.04407342168404275
0.468796057017497,-0.07013498883060854
0.10614739476589645,0.00016951529909615184
0.008652247274770996,0.005103445982687876
0.17556765821597678,0.0034199778393948816
0.03832903483504385,-0.007837247896678372
0.06017839229043186,0.016775695946612223
0.3148954523618519,-0.012187932627931315
0.6546568154824665,-0.06796880559806821
0.6377492594765732,-0.06453272921743546
0.6969851518917105,0.010707599747950753
0.44567766044555407,-0.011053621347578507
0.3532556202260194,-0.007416988816932435
0.4900689601110998,0.050220823793803326
0.6584986846170495,0.11173207519867795
0.6496331839239455,0.036081781386621846
0.780321423090462,-0.10631525451840809
0.8202931297683794,0.019273601614543008
0.8134962821826962,0.014767773333711365
0.7561373215614182,0.028083706411555453
0.5422705674131323,-0.05428809645352371
0.3575680474042279,-0.0246259148898403
0.2540394592148035,0.08181613373788241
0.3836386400403757,-0.06395299121111775
0.021250658008448324,-0.23380795239952543
0.14151866406069516,0.0673746963367243
0.16922470527341624,-0.04849248130228414
0.622800234160979,0.025819376679487756
0.6427491088473445,-0.03659209499268466
0.6583690271466782,-0.027601333492488365
0.6652368626291106,0.01117301216031691
0.7569969298090533,0.0203279155948436
0.7766780239941304,0.005437071942267646
0.7411219360868379,0.02765787580599348
0.7534316177118562,-0.015593381046395714
0.714526061257604,-0.018743014934736027
0.627750595794108,0.012524932028472716
0.6057007226940854,-0.009404448662656452
0.5608717488806578,-0.04045619322758786
0.5242668375867717,0.02505651319311799
0.2558596819105537,-0.018774550951114237
0.18272867010102356,-0.03261822818524157
0.12389277822668417,-0.04629044114701274
0.06423598073195413,-0.0769534928366406
0.08205139042095011,0.007575309145140708
0.08440456502652083,0.02018398788143937
-0.054711286692558675,0.04337965586635543
0.38129877676531215,0.0007277538802875661
0.6026518541402338,0.03536953865778806
0.5943603626898699,-0.0356123852500481
0.5361453930858049,-0.034003301039171145
0.6558694397738667,-0.06368850342064214
0.7520831760243891,-0.08624016141844304
0.8023818706280248,0.05283346621443884
0.7564631391385923,-0.08545246054129828
0.7935271096776111,-0.04266987608995808
0.7938042610856207,-0.02721369560720793
0.6276973118736636,0.011988221106947099
0.38143942962102306,0.014883551126954057
0.2865910462840412,-0.10762750692283733
0.25955448094911665,0.044353540977630175
0.36840048016455273,0.010910341565010365
0.13644502434478392,0.08313270733400942
0.03168718250804391,0.07156946600622638
0.14308765290880074,-0.11361029194540466
0.40453624496631013,0.06885243135158128
0.6127822382092492,-0.010669927240744384
0.6654976700229532,-0.0547410474705761
0.6682151687738561,0.01691261846002207
0.7409522409257638,0.019949300039897484
0.7416727316226561,-0.025623680011214987
0.7489977618734668,-0.11443763044327555
0.75308903972296,-0.016467951176278924
0.6880744538880346,-0.05005523518693844
0.7024444625474202,-0.05498870399835917
0.6400412676456739,0.04798960037049666
0.7889163440116027,-0.10391563355299477
0.48530702394395087,-0.09403827382055578
0.4029805692407044,-0.08846785766183544
0.2583268101991515,-0.07696373692861226
0.10371156695869775,-0.08773382554125621
0.031633766833566834,-0.0305930023179531
0.011526710716634057,-0.03958260400584419
-0.08922793450632562,-0.041922034999037745
-0.06818943078994984,-0.03815102204867266
0.05200148089238853,-0.08949550817101086
0.3972735699835765,-0.039403900684293176
0.47802707663982613,0.016710563306713506
0.38231207437287434,0.035739100107158285
0.3580769446053021,-0.03744632745774185
0.7389423905644562,-0.08975806389147051
0.811414161841842,0.016284226502952352
0.7086076535344051,0.11054564585509834
0.6528488580751748,-0.009007275585912158
0.704583559237568,-0.013500598066775015
0.4592531762583202,0.06635845985865774
0.2247812711873038,-0.0819259901086761
0.05526352153928233,0.004392053107587936
0.04660614718947566,-0.006067978330853199
-0.05439174546877421,-0.04859728906833437
-0.03947980030954259,-0.0033604281918698095
0.09408952891337309,0.08832437120140356
0.1261580339033071,-0.10893239230420386
0.330736862914563,-0.01663979410014583
0.5185590565993621,-0.05476688227021476
0.6582266978276504,-0.03497576592972211
0.7175818797285399,0.040138814326446774
0.7384557461451875,-0.010496990289039254
0.7271638311445974,-0.0509712663761831
0.8055375471079337,0.11513675004240213
0.7701870091574776,0.06328849430566748
0.6571603135048819,0.05863885093285255
0.5366843015550175,-0.04062060696798209
-0.027776567691167393,0.007871452624212938
-0.02214009501119546,-0.040679042866947755
-0.14410193903514174,0.03850189873291068
-0.1568985816800158,0.04826512647893335
-0.09484142387224001,-0.046667735894386796
-0.1665898991740102,0.08468302754748654
-0.13598530117841387,0.027410385494403108
-0.06988842356152618,-0.0374814490264231
-0.04409075833929165,0.017477019596199166
0.09767045650403612,-0.021824473073966608
0.3028999765767324,0.008481418112158858
0.35428730118121493,0.03836270203155161
0.46989105565991324,-0.03834515788594764
0.5766779503726378,0.015895533627036395
0.7243519424138297,0.032825248938223854
0.783889177766005,0.014568797208171518
0.7969717794003138,-0.06597511005308634
0.7563425961008303,-0.08277345356720818
0.6498391693346474,-0.07208141936642513
0.494748182683465,0.08783128770981226
0.19193212998969192,-0.06445270991663042
0.046329152781741205,-0.07282129715584526
-0.11997847108030103,0.01391117622696167
-0.14473838758150162,-0.026126174793709475
-0.14748180237558234,0.040611290415694355
-0.024536061246352395,-0.08191628376365692
-0.09877211257880184,0.024028735337223883
0.12290737342199295,-0.07415652078190656
0.6113276378948048,-0.05917700464227658
0.6111151232980939,-0.04490135736348143
0.6659075626155616,-0.04555669343746994
0.7529827745804251,0.03908461157829172
0.7579484254015137,0.02104774365873641
0.7363879508633421,0.025660418493005575
0.7452087629315941,-0.014380057114280023
0.7319546652746456,-0.09387201167491108
0.714404682050564,-0.00526095240406433
0.39989362031041975,0.10933830695268168
0.1654681638355347,0.07123537961333659
0.025603689713293326,-0.0159907676040653
-0.051749452244076954,-0.2987143558343732
-0.17268085823230092,0.22819346400291668
-0.08570478851429572,-0.11529695543905429
-0.16390549495252277,0.13472851486165455
-0.18290659540661447,0.14764026176590947
-0.12404583948862503,-0.1492966302674148
0.11364847113810499,0.005482663157718217
0.2218509310180909,-0.013549659166838741
0.30141669665146575,-0.05440333478864377
0.4345290737427769,-0.043217324869364596
0.6281731539295551,-0.02054657251351038
0.7897731101968352,0.015876734366278743
0.753035286580033,-0.05952422166603373
0.7756227096769683,-0.001430630747223209
0.8140183079564801,0.0066233251611917
0.802731593528263,0.030379958484984378
0.3613812198776796,0.015860925863147822
0.247779415109852,-0.0534832951301697
0.03090267446772307,-0.018512350981613888
-0.10141379265190338,0.05005148374710693
-0.1282923776390637,-0.07444599180183237
-0.15281019228307668,0.1531470550018693
-0.14259281591275821,-0.10161479648130174
-0.1462900157887527,0.18344014850559331
-0.07560914317638517,-0.18463606042015424
0.10106121508216204,0.007293197857401819
0.7638908808506326,0.0490598434484542
0.7254167406042733,0.05990794786059383
0.7379677534221809,0.016158185393436112
0.757335126894772,0.008879015843943773
0.7517798378904463,0.013299570894326445
0.7263154633530393,-0.027335014721558117
0.7537875257530098,-0.005061498125857862
0.6986302564908891,-0.00593720230790952
0.6494342279430662,-0.0002592733781511248
0.42382552435489973,-0.10603588113378695
0.12151982612161606,-0.05681784678628455
-0.012495692790065002,-0.04189556521305187
-0.08463143587511374,-0.14410145252743464
-0.16383475455484245,-0.048501724059781814
-0.06118444561338391,-0.11602100263022894
-0.03200358472335765,-0.06935302524529159
-0.12317308521858351,-0.06943692716550659
-0.07411543642099166,-0.10406418645600315
0.07726660382278969,0.014923294725348226
0.2765824509927979,-0.012827866157713615
0.5211472645267972,0.021549034706516472
0.6610988710905182,0.07179745212436121
0.7619412830549093,0.04109422540961405
0.7725757056023338,0.03245640067072619
0.7684021787999946,-0.05583564428447871
0.75650035348593,-0.018118186355233667
0.7113341967777344,-0.04248401017186248
0.6081876027522796,0.0364154832573982
0.34226676969435066,-0.006887264937470263
0.04741462477092494,0.008262982488494813
-0.07328268111843679,0.019631502034849323
-0.11489463081269223,-0.07707740025285591
-0.08856655001446688,-0.044752881337991476
-0.11416195271383645,-0.3066166576686994
-0.09821156854277847,-0.0634238765313145
-0.040854004052519016,-0.24433989239606663
0.024635656783055633,0.002393218657056033
0.24771785604184612,0.07960142260782693
0.712421696822667,0.007077965742371863
0.7130125676028972,-0.00565284957085104
0.73050920240196,-0.008367455783248441
0.7379352528187317,-0.009813893919417189
0.7399375477212302,0.04962657358778171
0.7248292149539839,-0.02694860376786018
0.7460515348637434,-0.05787858498277768
0.7925559670508147,0.034932342264760996
0.6450560240192397,-0.025089701010652363
0.36428271209014623,-0.011546583446790206
0.11845945619319938,-0.03904677505822411
0.05759142504746566,-0.0785965675716506
-0.05454945365355515,-0.1031847305105819
-0.12494806589867147,0.0486350902406435
-0.1025153368593508,0.019992521246031906
0.028126333292370024,-0.058189969830776574
-0.04765386490612338,-0.029471629315971103
-0.02958303251361933,-0.01271047596328676
0.16175698179139184,-0.05547189000475976
0.36442171567884457,-0.01498608072581242
0.4643440667450664,-0.05655897142651131
0.746037634804837,0.0516489848269093
0.7912463900563935,0.1229110191504237
0.7661416786351688,0.03601862666540404
0.7975595218281373,-0.04681926695686076
0.7697273265017605,0.004975137565153733
0.504654597128741,0.03775184868949866
0.5341028228770033,0.015086735702740328
0.29654185466187255,0.020741763325139943
0.06791871038851367,-0.03112748782100125
0.054455663418913856,-0.25181450341522665
-0.0628818479853188,-0.09077981195503829
-0.11651408207100304,-0.20052255131638944
-0.11975585168692778,0.04557305064734623
-0.041357741233674715,0.022713313750819225
0.10125849409234405,0.02108749694304738
0.08200659476173432,-0.04114435031041842
0.13044058800746422,0.02950722060609598
0.7194196074676347,-0.01441147028472377
0.7295531333921161,-0.015511665910287097
0.7450561958175698,-0.009554534378757782
0.7383169342399208,0.02317658095211233
0.7337514902769365,0.005227183377998826
0.7464278514259836,-0.05346053217948751
0.6105409053916376,-0.04526131651980629
0.4976307542395285,0.018284616280545285
0.6411273502264528,-0.012788550624536559
0.17772088164241473,0.06695825741895411
0.17567317185620954,0.023957636490556305
0.06017063988375595,0.03335760698030747
-0.03972788032714225,-0.029073277664513404
-0.04260464537699938,-0.07154694936604188
-0.10038859212672789,0.0051155611352957965
0.026008042119865873,-0.025202522523372968
-0.002117876373561978,-0.023238538774242905
0.0498346145482214,0.013450786723630738
0.23286834558856565,-0.00960984055432902
0.4119106631074026,-0.026510451802828603
0.6604707025721561,0.012535130794496693
0.7872331891919497,-0.021144641511070393
0.7648352157046012,-0.08749550895082588
0.7660651397745498,-0.11253242784720217
0.7925916334615829,-0.023855905182052446
0.7094497004558121,0.011123847976998658
0.5754836890825464,-0.025391071016779163
0.21528505933402867,-0.07613588551561765
0.23157032146590487,-0.05283566390652769
0.16837429982413077,0.01549823791637725
0.12187939403648296,0.0950782549229346
-0.03219023718532927,0.03562370600921658
-0.10239177794962404,-0.10436503643199047
-0.06652526628200073,0.09086081222201961
0.06705228984616582,-0.02004734036909895
0.09164188714262735,-0.03204316711046732
0.09957129679069401,-0.015242875508495372
0.2627292221460774,-0.019456732254757685
0.7191164243566376,0.008617054252368942
0.7411518483451248,0.016374482895431863
0.7211968057792273,-0.01799684875010873
0.7383906516332522,0.013639829978734681
0.7398483202160633,0.06786951282341953
0.7029353701718484,-0.019879680250568573
0.45476610522892014,0.026120637728728035
0.2769917915106639,-0.004588065543282036
0.43649105442979763,0.04230772309548612
0.3271210494719097,0.0450988331988721
0.21552689419284943,0.07678056207628554
0.1779206029649888,0.005107030769464274
0.12129270036603901,0.036690776497186925
0.2032519814719582,-0.05247974072856902
-0.03806532173819022,0.0024053583186991355
0.047825026606962716,-0.03206462534069218
0.12083830790854716,-0.006025956413207525
0.16985689266385132,-0.019441090936985483
0.3142473931043687,-0.006321141210223359
0.6298857834008434,-0.000693556419056333
0.6845991150288361,0.016014704283566616
0.8020192774989781,0.006431578444007933
0.7706770886633565,-0.04679244875840728
0.7943473146474584,-0.018802207394288385
0.7687752650297417,0.04467577283174621
0.698046156879852,-0.015104538821781833
0.6047334357466587,0.003469367765187464
0.3821894004421116,-0.08693767972074419
0.41149172746648915,-0.1495959278955476
-0.13009086604642764,-0.0014786095049384733
-0.10816882370002781,0.03735033486692027
-0.014650653829891117,-0.01424472884860715
-0.07702177625573062,-0.16372640990590998
-0.07441160616124631,0.08656976144883478
-0.046780145143465436,0.05282523047130743
0.09533922877491144,-0.05575669521600943
0.14849701952147823,-0.020324786690018193
0.5177562314974666,0.07344645554640172
0.7414592238878642,0.018390359757973297
0.7723720170514893,-0.010979679078217341
0.7891314005043086,0.023373074035403826
0.7826510372862858,-0.03404914897332108
0.5033176393441166,-0.060779787259058825
0.5750783964254447,-0.00967926441398534
0.6070420463907346,0.02050144401445197
0.5334620229984485,0.05622032302734843
0.2622600765796874,0.12431446666898588
0.2896746855351349,-0.9726757070240186
0.29224992701596003,-0.014476407183156677
0.34048926469840607,-0.0506024759565268
0.38348633794639325,-0.04100969137223458
0.21013173291209392,0.000874438427235082
-0.014966727648117252,-0.0027293037898769947
0.12746053269609137,-0.012750964754348856
0.22496187258391248,-0.0030298858350498578
0.21468837435284632,-0.030166009223822045
0.46252101652536265,-0.00026380978502328633
0.7453206068185929,0.005336273882268954
0.7792182131481894,0.02897869038322154
0.7417837681116898,0.02525700723287891
0.7628965212500055,-0.012509528265589842
0.7867823306993933,-0.05091121034038742
0.7232865552179941,-0.034450501290020426
0.4664005945964303,-0.03874919623534391
0.1437131382628608,0.046044211223822636
0.4025812204384334,0.035612074007412765
0.04705686398104748,-0.037778330198672806
-0.1509649889998358,0.07043187911633686
-0.14132087198065016,0.027382188660407862
-0.07226679650705504,-0.0988873711719784
-0.031554438428071534,-0.19406206288491093
-0.08537627013282778,0.06730589059861083
0.015156215045692551,0.0420094479378869
0.08171964726753556,-0.09207259796156897
0.2065894395570232,-0.1124437780237461
0.6267394213744967,-0.01286174719088449
0.7900459621725097,-0.05471437840260152
0.8264275179699138,-0.0850034079446673
0.7412514032636982,0.012901545342730511
0.7834497137809052,0.04575198546707996
0.744658670440158,-0.04650590969743967
0.6759289159295139,0.050337742660758536
0.6303197089427627,0.052970714757460596
0.4732640489413872,0.06840477230381786
0.5024431066775829,0.15648238285082644
0.2428687179951373,-0.16924621812101326
0.7575897396753315,-0.11077595859557618
0.5366597375799094,-0.09223765395656162
0.37898822565917956,-0.02288983275753203
0.1486523546657565,-0.04199979142046778
0.14234927005277137,-0.01905082374010167
0.23032950237622812,-0.00829666796175295
0.327282896187753,0.0015795039789822177
0.40067325574305324,-0.009728013861993448
0.6567373741158993,-0.041200461831789326
0.7951266127230435,0.015403578458135841
0.8321603531868398,0.005453109322710628
0.8097971898613311,0.034793289119526435
0.8221720875319158,-0.05314236250904147
0.732551638621508,-0.0910893224030562
0.61501761330512,-0.06589930505123304
0.5568006658113919,-0.07109960449894884
0.04899951673467016,-0.003995343518307614
0.07121551850350587,-0.07297759049869507
-0.13688884588606087,-0.001730232639476344
-0.11796915172157124,-0.01926234436083424
-0.09354993716422308,-0.06180241242854325
-0.041116602411268334,-0.15561542032220257
0.1560279040259017,-0.08349365740768334
0.027690315884687396,0.03601858278432981
0.06024256098928063,-0.003684261560479502
0.23184944385458975,-0.08246557046969058
0.43052341771889396,-0.024089630760461295
0.6438583802716069,0.03309746098441582
0.530014107759403,-0.015157612975671354
0.4596401903554011,0.0006614028017052957
0.7388135723574899,-0.10781730545424045
0.29752986635885426,0.05552065333433174
0.5988210056864056,0.07571448822797658
0.599589903129844,-0.2611133630832259
0.4031938338237986,-0.20502848945864952
0.22057035839046768,0.013998517258488281
0.46070837223119765,0.019673266401886373
0.648185411868968,-0.0914171826658251
0.31361356737723073,0.051440202338352774
0.20617397309475508,0.0704741473150644
-0.03222034123345384,0.047813468119861494
0.14049545055260745,-0.03835216288402667
0.12699960997872853,0.01286759549118166
0.5241387746090991,-0.02224108490875715
0.5091568535670659,-0.008031602969743451
0.5165513753871813,-0.01668807957323751
0.8077621348060497,-0.0005553731631543699
0.8627389431325362,0.04510463550079536
0.8528440904851435,-0.0017109461413515204
0.7892353591001228,-0.0595543632081268
0.8069399919184383,0.08197083225420505
0.645618732686593,0.04485428305026091
0.46971745099963597,-0.05697570152999508
0.3125901588884829,0.06803397266158792
0.34354250071506803,0.04614194321256746
-0.004296315972396446,-0.05113004604229402
-0.138301873633042,0.07144108846191681
-0.1272334092726418,-0.12801167933709898
-0.029628440402775295,-0.022922884306209486
0.0017712612769570342,0.054490703159834085
0.07739339420402823,0.012961628587651973
0.18805221230529298,0.01807901536980115
0.15231108072220345,0.06621327937788586
0.5345842439905493,-0.006032637727874259
0.6582223646441598,-0.04255778091587285
0.8099567161809275,0.05708802788777444
-0.1577606797381437,-0.08309169429352878
-0.1549974235171946,-0.01336047470565691
0.13264226220313888,-0.06329492662108711
0.13328636950734166,0.05831885647034188
0.5346045265259565,0.05433917809881893
0.13623600460642976,-0.21174936022437957
0.1393960567707716,-0.008721334074524243
0.11240685282610852,-0.014169628519919058
0.3887025675191394,-0.007933594100982592
0.2903352330870301,-0.03254701006650759
-0.1080577960071047,0.06357704934182822
0.09290095591241043,0.12901076382548335
-0.06793809531148184,-0.014025461921231795
0.047095984524352284,-0.007261284266504937
-0.12690543555489034,0.012886804686677288
0.16055020956450078,-0.06224660464134156
0.4318186347228868,-0.04849035984217543
0.7003280009497047,-0.0360330403080122
0.8432311510809658,-0.05752389245440928
0.8556320935047201,0.0008095984636861955
0.8369089954579068,-0.015732263700255815
0.8245186861111152,-0.061888146041167616
0.5692264674958795,-0.020121570115525088
0.48615088705865406,0.023770724200357644
0.21461062643649081,-0.05990609922187258
0.16334664450561093,0.003556339993559016
0.12380012275664092,0.017303980621560203
-0.09471615039016733,0.01659117047334797
-0.1694274651199882,0.021159249473506003
-0.07487785674625663,-0.11671725721507704
-0.06739548682221971,0.02844149262601782
0.06742534421896319,0.03433255472652107
0.1530256417852223,0.031929780909067874
0.30041886827494113,0.015594431932613532
0.4738065500166529,0.008166727247883393
0.5239640033215136,0.014600166060423893
0.7863482796701724,0.13639067759275694
0.8617987020203047,0.09038868877014833
-0.16793169362784086,-0.012369410675797254
-0.12283209287905272,0.03208250804727691
-0.06284294161942922,-0.008909407992008693
-0.024154270276286877,-0.0429019430039271
0.2630037907975854,0.07782725597548472
0.3335295804781129,0.014087507280632296
0.15551316646571806,0.02249116984227484
0.11253678418989176,0.0033632245281142903
0.1280047055035993,0.030910437215708412
0.11401518187914564,0.007135875962946296
-0.0703601380972323,-0.15269723821312212
0.20357293574071086,-0.11051800753995421
0.23734355793961331,-0.04152572120922983
0.23687777928754522,0.01114396550397149
0.029590167827477365,-0.0027375053785826027
0.1764743234384176,-0.016686487254822132
0.559897623565434,-0.005651728867119954
0.7976012544879884,0.06821237767325763
0.8371013713786496,0.019692618365045943
0.6276364989118178,0.009313216676969785
0.590827630775698,-0.021132045767997716
0.5811610924947294,0.003951970223465395
0.21258981997212145,0.04021300422330809
0.28939208452909443,-0.049376431251231145
-0.09422207187715737,0.01021415253664187
0.11570189579926383,-0.010567467002825053
-0.0788799975125076,-0.007865718180497033
-0.1463276633412892,-0.06212798828257187
-0.09604813586284672,-0.12463261709717847
0.015177643233997328,0.033549488669732244
0.013860132822067524,-0.0031371408396123424
0.19846148573154448,-0.05940478198129895
0.4840884413349706,-0.07781717869904942
0.45626993448525704,-0.0035176065550756746
0.5728604172806897,-0.0787333606903631
0.6830157980363235,-0.03360410136529853
0.7530281239950745,-0.12076866469884778
0.8571765817528202,-0.18183421683303705
